{"stats":{"minecraft:crafted":{"minecraft:oak_planks":4,"minecraft:crafting_table":1},"minecraft:mined":{"minecraft:skeleton_skull":1,"minecraft:oak_log":2,"minecraft:sand":5},"minecraft:custom":{"minecraft:open_chest":1,"minecraft:time_since_rest":1951,"minecraft:damage_taken":840,"minecraft:crouch_one_cm":236,"minecraft:play_time":9771,"minecraft:interact_with_furnace":18,"minecraft:sprint_one_cm":29781,"minecraft:deaths":3,"minecraft:walk_one_cm":33536,"minecraft:sneak_time":47,"minecraft:walk_under_water_one_cm":1540,"minecraft:jump":204,"minecraft:damage_dealt":203,"minecraft:leave_game":2,"minecraft:time_since_death":1921,"minecraft:walk_on_water_one_cm":851,"minecraft:total_world_time":9771,"minecraft:swim_one_cm":2377,"minecraft:interact_with_crafting_table":3,"minecraft:fall_one_cm":8169,"minecraft:fly_one_cm":35886},"minecraft:killed_by":{"minecraft:spider":1,"mutationcraft:assimilated_roamer":1},"minecraft:used":{"minecraft:oak_log":1,"minecraft:sand":4},"minecraft:picked_up":{"minecraft:sand":4,"minecraft:oak_log":2,"minecraft:skeleton_skull":1}},"DataVersion":3120}