{"stats":{"minecraft:dropped":{"minecraft:wheat_seeds":194,"minecraft:stone_sword":1,"minecraft:golden_pickaxe":1,"minecraft:rotten_flesh":9,"minecraft:dirt":1,"minecraft:wooden_axe":1,"minecraft:rose_bush":1,"minecraft:wooden_pickaxe":1,"minecraft:dark_oak_planks":1},"minecraft:custom":{"minecraft:interact_with_furnace":4,"minecraft:mob_kills":8,"minecraft:interact_with_crafting_table":3,"minecraft:open_barrel":1,"minecraft:damage_dealt_resisted":5,"minecraft:leave_game":1,"minecraft:time_since_death":0,"minecraft:climb_one_cm":5617,"minecraft:time_since_rest":52,"minecraft:sprint_one_cm":81460,"minecraft:damage_taken":2164,"minecraft:walk_one_cm":117124,"minecraft:trigger_trapped_chest":3,"minecraft:drop":17,"minecraft:damage_dealt":1984,"minecraft:swim_one_cm":23897,"minecraft:fly_one_cm":99363,"minecraft:open_chest":4,"minecraft:crouch_one_cm":369,"minecraft:play_time":34425,"minecraft:deaths":6,"minecraft:sneak_time":70,"minecraft:walk_under_water_one_cm":4847,"minecraft:jump":576,"minecraft:walk_on_water_one_cm":13203,"minecraft:total_world_time":34425,"minecraft:fall_one_cm":14374},"minecraft:mined":{"biomesoplenty:desert_grass":1,"minecraft:jungle_leaves":2,"minecraft:soul_lantern":1,"minecraft:acacia_log":4,"minecraft:grass_block":1,"minecraft:melon":13,"minecraft:jungle_log":1,"biomesoplenty:sprout":2,"minecraft:sugar_cane":2,"minecraft:oak_planks":3,"minecraft:big_dripleaf":1,"minecraft:large_fern":1,"horror_element_mod:rotten_body":1,"horror_element_mod:villager_head":1,"minecraft:fire":1,"minecraft:wheat":83,"minecraft:grass":12,"minecraft:oak_log":19,"minecraft:coal_ore":5,"minecraft:stone":6,"minecraft:oak_leaves":3,"horror_element_mod:spider_head":1,"minecraft:fern":48},"minecraft:used":{"minecraft:stone_sword":29,"minecraft:oak_planks":5,"horror_element_mod:slashed_skull":1,"minecraft:wooden_pickaxe":11,"minecraft:cooked_chicken":2,"minecraft:dirt":1,"horror_element_mod:spider_head":1,"minecraft:crafting_table":1,"minecraft:wooden_axe":35,"minecraft:melon_slice":7,"minecraft:stone_axe":37,"minecraft:golden_sword":20,"minecraft:cooked_beef":3,"minecraft:golden_pickaxe":2},"minecraft:killed_by":{"mutationcraft:assimilated_pig":1,"mutationcraft:assimilated_witch":1,"mutationcraft:developed_roamer":1,"undead_revamp2:clogger":2},"minecraft:picked_up":{"minecraft:wheat":64,"minecraft:chicken":2,"minecraft:jungle_log":1,"minecraft:golden_pickaxe":2,"minecraft:leather":3,"minecraft:oak_log":15,"minecraft:golden_sword":1,"horror_element_mod:villager_head":1,"minecraft:dirt":2,"minecraft:bone":2,"undead_revamp2:blacpetalblock":1,"minecraft:wheat_seeds":194,"minecraft:cobbled_deepslate":4,"minecraft:beef":8,"minecraft:rose_bush":1,"minecraft:melon_slice":47,"minecraft:sugar_cane":3,"horror_element_mod:spider_head":1,"minecraft:oak_planks":3,"minecraft:big_dripleaf":1,"minecraft:acacia_log":4,"mutationcraft:putrid_claw":1,"minecraft:dark_oak_planks":1,"minecraft:rotten_flesh":9,"minecraft:soul_lantern":1,"minecraft:golden_apple":1,"minecraft:coal":10,"minecraft:cobblestone":6},"minecraft:crafted":{"minecraft:cooked_beef":8,"minecraft:oak_planks":60,"minecraft:crafting_table":1,"minecraft:wooden_pickaxe":1,"minecraft:cooked_chicken":2,"minecraft:stone_axe":1,"minecraft:air":0,"minecraft:jungle_planks":4,"minecraft:stick":8,"minecraft:stone_sword":1,"minecraft:wooden_axe":1,"minecraft:acacia_planks":16},"minecraft:killed":{"undead_revamp2:thehunter":1,"undead_revamp2:the_moonflower":1,"minecraft:chicken":2,"minecraft:cow":4}},"DataVersion":3120}