{"stats":{"minecraft:custom":{"minecraft:time_since_rest":2226,"minecraft:open_chest":1,"minecraft:walk_one_cm":24655,"minecraft:crouch_one_cm":62,"minecraft:play_time":6303,"minecraft:interact_with_furnace":18,"minecraft:sprint_one_cm":26532,"minecraft:damage_taken":620,"minecraft:deaths":2,"minecraft:sneak_time":8,"minecraft:jump":182,"minecraft:damage_dealt":192,"minecraft:leave_game":1,"minecraft:time_since_death":2172,"minecraft:total_world_time":6303,"minecraft:fly_one_cm":32483,"minecraft:interact_with_crafting_table":3,"minecraft:fall_one_cm":7902},"minecraft:mined":{"minecraft:skeleton_skull":1,"minecraft:oak_log":2,"minecraft:sand":5},"minecraft:killed_by":{"minecraft:spider":1},"minecraft:used":{"minecraft:sand":4},"minecraft:picked_up":{"minecraft:sand":4,"minecraft:oak_log":2,"minecraft:skeleton_skull":1}},"DataVersion":3120}