{"stats":{"minecraft:mined":{"minecraft:redstone_torch":1,"minecraft:dandelion":2,"minecraft:grass":6,"minecraft:grass_block":2,"minecraft:oak_log":7,"minecraft:dirt":1,"minecraft:sand":2,"minecraft:tall_grass":13,"minecraft:stone":21,"minecraft:oak_planks":2},"minecraft:custom":{"minecraft:time_since_rest":5094,"minecraft:interact_with_furnace":1,"minecraft:sprint_one_cm":20396,"minecraft:damage_taken":460,"minecraft:walk_one_cm":78753,"minecraft:mob_kills":1,"minecraft:drop":2,"minecraft:damage_dealt":280,"minecraft:interact_with_crafting_table":4,"minecraft:fly_one_cm":38575,"minecraft:crouch_one_cm":967,"minecraft:play_time":13015,"minecraft:deaths":1,"minecraft:sneak_time":208,"minecraft:jump":213,"minecraft:leave_game":1,"minecraft:time_since_death":5061,"minecraft:total_world_time":13015,"minecraft:fall_one_cm":5374},"minecraft:killed_by":{"undead_revamp2:thepregnant":1},"minecraft:used":{"minecraft:stone_sword":1,"minecraft:stone_pickaxe":18,"minecraft:baked_potato":1,"minecraft:oak_planks":2,"minecraft:wooden_pickaxe":18,"minecraft:crafting_table":1,"minecraft:furnace":1},"minecraft:killed":{"minecraft:zombie":1,"minecraft:spider":1},"minecraft:picked_up":{"biomesoplenty:goldenrod":2,"minecraft:wooden_pickaxe":1,"minecraft:sand":2,"minecraft:oak_log":7,"minecraft:dirt":3,"minecraft:spider_eye":1,"minecraft:string":2,"minecraft:wheat_seeds":4,"minecraft:redstone_torch":1,"minecraft:oak_planks":2,"minecraft:cobblestone":21},"minecraft:crafted":{"minecraft:oak_planks":28,"minecraft:crafting_table":1,"minecraft:stick":8,"minecraft:baked_potato":1,"minecraft:wooden_pickaxe":1,"minecraft:stone_pickaxe":1,"minecraft:stone_sword":1,"minecraft:furnace":1,"minecraft:stone_axe":1,"minecraft:air":0},"minecraft:dropped":{"biomesoplenty:goldenrod":1,"minecraft:wooden_pickaxe":1}},"DataVersion":3120}