{"stats":{"minecraft:custom":{"minecraft:interact_with_anvil":1,"minecraft:mob_kills":28,"minecraft:interact_with_crafting_table":17,"minecraft:open_barrel":16,"minecraft:damage_dealt_resisted":90,"minecraft:leave_game":1,"minecraft:time_since_death":19661,"minecraft:climb_one_cm":27117,"minecraft:sprint_one_cm":130589,"minecraft:walk_one_cm":874184,"minecraft:damage_blocked_by_shield":220,"minecraft:drop":12,"minecraft:play_noteblock":1,"minecraft:talked_to_villager":3,"minecraft:play_time":176871,"minecraft:deaths":8,"minecraft:sneak_time":6840,"minecraft:walk_under_water_one_cm":10765,"minecraft:boat_one_cm":25450,"minecraft:jump":1770,"minecraft:interact_with_blast_furnace":17,"minecraft:walk_on_water_one_cm":45360,"minecraft:total_world_time":176871,"minecraft:interact_with_furnace":5,"minecraft:tune_noteblock":10,"minecraft:sleep_in_bed":11,"minecraft:time_since_rest":3548,"minecraft:damage_taken":3724,"minecraft:damage_dealt":7253,"minecraft:swim_one_cm":16048,"minecraft:fly_one_cm":179460,"minecraft:player_kills":1,"minecraft:open_chest":82,"minecraft:crouch_one_cm":11001,"minecraft:interact_with_smoker":2,"minecraft:fall_one_cm":39356},"minecraft:dropped":{"biomesoplenty:mahogany_log":64,"minecraft:crafting_table":1,"minecraft:cobblestone":9,"minecraft:lantern":1,"minecraft:stick":1,"minecraft:torch":5,"mutationcraft:necroptor_bomb":1,"minecraft:anvil":1,"cgm:advanced_bullet":14,"minecraft:smoker":1,"minecraft:blast_furnace":1,"cgm:heavy_rifle":1},"minecraft:mined":{"minecraft:red_carpet":1,"minecraft:tuff":11,"minecraft:white_bed":2,"minecraft:granite":6,"minecraft:acacia_log":3,"minecraft:grass_block":18,"minecraft:polished_blackstone_pressure_plate":1,"minecraft:hay_block":13,"minecraft:tall_seagrass":1,"minecraft:furnace":2,"minecraft:anvil":2,"minecraft:vine":1,"minecraft:deepslate_iron_ore":55,"biomesoplenty:mahogany_leaves":2,"minecraft:rail":54,"minecraft:stone":61,"minecraft:red_bed":1,"minecraft:smoker":2,"minecraft:crafting_table":3,"minecraft:blast_furnace":2,"minecraft:melon":36,"minecraft:tall_grass":2,"minecraft:cobblestone":7,"biomesoplenty:sprout":1,"minecraft:oak_planks":2,"minecraft:diorite":1,"minecraft:wall_torch":1,"minecraft:seagrass":1,"minecraft:stripped_spruce_wood":1,"biomesoplenty:mahogany_log":73,"minecraft:wheat":27,"horror_element_mod:spiked_villager":1,"minecraft:grass":22,"minecraft:oak_log":13,"minecraft:dirt":61,"minecraft:stone_bricks":1,"minecraft:deepslate":23,"minecraft:fern":97},"minecraft:used":{"minecraft:stone_sword":190,"minecraft:ladder":8,"minecraft:oak_sign":1,"minecraft:chest":4,"minecraft:shield":9,"mutationcraft:nordic_axe":63,"minecraft:iron_chestplate":1,"minecraft:torch":3,"minecraft:dirt":70,"minecraft:anvil":1,"minecraft:tuff":4,"minecraft:granite":2,"minecraft:iron_helmet":1,"minecraft:iron_boots":1,"minecraft:stone_bricks":1,"minecraft:furnace":1,"minecraft:iron_leggings":1,"minecraft:diorite":2,"minecraft:stone_pickaxe":168,"minecraft:wooden_pickaxe":3,"minecraft:polished_blackstone_pressure_plate":1,"minecraft:sand":2,"minecraft:crafting_table":1,"minecraft:red_bed":5,"minecraft:blast_furnace":1,"biomesoplenty:mahogany_door":1,"minecraft:white_bed":2,"minecraft:smoker":1,"minecraft:melon_slice":45,"minecraft:bread":14,"cgm:assault_rifle":51,"minecraft:stone_axe":169,"minecraft:cobblestone":10,"minecraft:golden_pickaxe":61},"minecraft:killed_by":{"minecraft:player":1,"graveyard:ghoul":1,"undead_revamp2:clogger":1,"undead_revamp2:thehorrors":1,"mutationcraft:assimilated_fox":2},"minecraft:broken":{"minecraft:stone_sword":1,"minecraft:stone_pickaxe":1,"minecraft:stone_axe":1},"minecraft:picked_up":{"minecraft:charcoal":1,"minecraft:crafting_table":4,"minecraft:wheat":44,"cgm:basic_bullet":153,"minecraft:chicken":1,"minecraft:ladder":12,"minecraft:anvil":2,"minecraft:golden_pickaxe":1,"minecraft:string":8,"minecraft:red_bed":5,"minecraft:oak_sign":1,"minecraft:sea_pickle":2,"minecraft:cobbled_deepslate":25,"minecraft:melon_slice":197,"cgm:advanced_bullet":14,"minecraft:furnace":1,"minecraft:raw_iron":54,"minecraft:torch":3,"minecraft:acacia_log":3,"sophisticatedbackpacks:backpack":1,"mutationcraft:putrid_claw":16,"mutationcraft:nordic_axe":1,"minecraft:diorite":1,"minecraft:redstone":5,"undead_revamp2:cloogerribs":44,"minecraft:rotten_flesh":35,"biomesoplenty:mahogany_sapling":1,"cgm:assault_rifle":1,"minecraft:hay_block":13,"mutationcraft:putrid_heart":1,"minecraft:rail":54,"minecraft:cobblestone":69,"minecraft:feather":1,"minecraft:smoker":2,"minecraft:tuff":11,"minecraft:stripped_spruce_wood":1,"minecraft:oak_log":15,"mutationcraft:necroptor_bomb":1,"cgm:heavy_rifle":1,"minecraft:dirt":89,"minecraft:lantern":1,"minecraft:bone":20,"minecraft:stone_bricks":1,"minecraft:wheat_seeds":124,"minecraft:cobweb":5,"minecraft:oak_planks":11,"minecraft:sand":2,"minecraft:blast_furnace":2,"minecraft:white_bed":2,"graveyard:oak_coffin":1,"biomesoplenty:mahogany_log":82,"minecraft:slime_ball":15,"minecraft:polished_blackstone_pressure_plate":1,"minecraft:granite":5,"minecraft:spruce_sign":1,"minecraft:bread":32,"minecraft:oak_sapling":3},"minecraft:crafted":{"biomesoplenty:mahogany_planks":36,"minecraft:furnace":1,"minecraft:stone_pickaxe":2,"minecraft:chest":4,"minecraft:wheat":63,"minecraft:crafting_table":1,"minecraft:wooden_pickaxe":1,"minecraft:copper_ingot":10,"minecraft:stone_axe":1,"minecraft:bread":21,"minecraft:air":0,"minecraft:charcoal":21,"minecraft:shield":1,"biomesoplenty:mahogany_door":3,"minecraft:stick":20,"minecraft:iron_ingot":61,"minecraft:iron_pickaxe":1,"minecraft:stone_sword":2,"minecraft:acacia_planks":12},"minecraft:killed":{"mutationcraft:reductor":1,"mutationcraft:assimilated_villager":1,"mutationcraft:necroptor":6,"mutationcraft:assimilated_roamer":1,"mutationcraft:assimilated_pillager":1,"mutationcraft:assimilated_witch":1,"mutationcraft:assimilated_spider":1,"undead_revamp2:the_moonflower":3,"mutationcraft:assimilated_evoker":1,"mutationcraft:assimilated_horse":1,"mutationcraft:assimilated_human":2,"mutationcraft:assimilated_pig":1,"mutationcraft:human_stage_3":1,"mutationcraft:assimilated_vex":5,"mutationcraft:assimilated_cow":1}},"DataVersion":3120}