{"stats":{"minecraft:crafted":{"minecraft:oak_planks":28,"minecraft:crafting_table":1,"minecraft:stick":8,"minecraft:baked_potato":1,"minecraft:wooden_pickaxe":1,"minecraft:stone_pickaxe":1,"minecraft:stone_sword":1,"minecraft:furnace":1,"minecraft:stone_axe":1,"minecraft:air":0},"minecraft:mined":{"minecraft:iron_ore":12,"minecraft:redstone_torch":1,"minecraft:dandelion":2,"minecraft:grass":8,"minecraft:coal_ore":5,"minecraft:grass_block":2,"minecraft:oak_log":7,"minecraft:sand":2,"minecraft:dirt":1,"minecraft:tall_grass":13,"minecraft:stone":24,"minecraft:oak_planks":2,"minecraft:tripwire":2,"minecraft:wall_torch":1},"minecraft:custom":{"minecraft:time_since_rest":2754,"minecraft:interact_with_furnace":1,"minecraft:sprint_one_cm":45517,"minecraft:damage_taken":1435,"minecraft:walk_one_cm":142045,"minecraft:mob_kills":6,"minecraft:drop":2,"minecraft:damage_dealt":3271,"minecraft:interact_with_crafting_table":4,"minecraft:fly_one_cm":92938,"minecraft:crouch_one_cm":1407,"minecraft:play_time":25952,"minecraft:deaths":5,"minecraft:sneak_time":341,"minecraft:walk_under_water_one_cm":928,"minecraft:damage_dealt_resisted":27,"minecraft:jump":591,"minecraft:leave_game":2,"minecraft:walk_on_water_one_cm":2743,"minecraft:time_since_death":2721,"minecraft:total_world_time":25952,"minecraft:fall_one_cm":14279},"minecraft:killed_by":{"undead_revamp2:thepregnant":1,"mutationcraft:reductor":1,"mutationcraft:assimilated_roamer":1,"mutationcraft:assimilated_wandering_trader":1,"mutationcraft:developed_roamer":1},"minecraft:killed":{"mutationcraft:assimilated_witch":1,"mutationcraft:assimilated_human":1,"mutationcraft:assimilated_sheep":1,"minecraft:zombie":1,"minecraft:spider":1,"mutationcraft:assimilated_roamer":2,"mutationcraft:assimilated_wandering_trader":1,"mutationcraft:developed_roamer":2},"minecraft:dropped":{"biomesoplenty:goldenrod":1,"minecraft:wooden_pickaxe":1},"minecraft:used":{"minecraft:stone_sword":100,"minecraft:bread":2,"minecraft:string":2,"minecraft:stone_pickaxe":39,"minecraft:oak_planks":2,"minecraft:baked_potato":1,"minecraft:wooden_pickaxe":18,"minecraft:torch":1,"minecraft:crafting_table":1,"minecraft:furnace":1},"minecraft:picked_up":{"minecraft:raw_iron":12,"mutationcraft:putrid_claw":12,"biomesoplenty:goldenrod":2,"minecraft:torch":1,"minecraft:wooden_pickaxe":1,"minecraft:sand":2,"minecraft:oak_log":7,"minecraft:string":4,"minecraft:spider_eye":1,"minecraft:dirt":3,"mutationcraft:putrid_brain":3,"minecraft:rotten_flesh":1,"minecraft:wheat_seeds":4,"minecraft:redstone_torch":1,"minecraft:bread":2,"minecraft:glass_bottle":1,"mutationcraft:putrid_heart":1,"minecraft:coal":5,"minecraft:oak_planks":2,"minecraft:cobblestone":24}},"DataVersion":3120}