{"stats":{"minecraft:mined":{"minecraft:grass":5,"minecraft:tall_grass":13,"minecraft:oak_log":2,"minecraft:dandelion":2},"minecraft:custom":{"minecraft:jump":72,"minecraft:time_since_rest":4303,"minecraft:damage_dealt":64,"minecraft:crouch_one_cm":881,"minecraft:sprint_one_cm":7906,"minecraft:play_time":4303,"minecraft:time_since_death":4303,"minecraft:walk_one_cm":33220,"minecraft:sneak_time":163,"minecraft:total_world_time":4303,"minecraft:fall_one_cm":627,"minecraft:fly_one_cm":10340},"minecraft:picked_up":{"minecraft:oak_log":2,"minecraft:wheat_seeds":3}},"DataVersion":3120}