{"stats":{"minecraft:mined":{"minecraft:large_fern":1,"minecraft:grass":6,"minecraft:grass_block":3,"minecraft:oak_log":2,"minecraft:dirt":1,"minecraft:tall_grass":4,"biomesoplenty:sea_oats":1},"minecraft:custom":{"minecraft:time_since_rest":5342,"minecraft:crouch_one_cm":284,"minecraft:play_time":5342,"minecraft:sprint_one_cm":9087,"minecraft:walk_one_cm":8850,"minecraft:sneak_time":145,"minecraft:mob_kills":1,"minecraft:drop":4,"minecraft:jump":120,"minecraft:damage_dealt":188,"minecraft:time_since_death":5342,"minecraft:total_world_time":5342,"minecraft:fall_one_cm":3309,"minecraft:fly_one_cm":26995,"minecraft:open_barrel":1},"minecraft:used":{"minecraft:dirt":4,"minecraft:dandelion":1},"minecraft:killed":{"zombie_ascension:zombie_cook":1},"minecraft:picked_up":{"minecraft:rotten_flesh":1,"minecraft:sweet_berries":2,"minecraft:apple":1,"minecraft:wheat_seeds":2,"minecraft:dandelion":1,"minecraft:cooked_chicken":1,"minecraft:oak_log":2,"minecraft:dirt":4},"minecraft:dropped":{"minecraft:rotten_flesh":1,"minecraft:apple":1,"minecraft:wheat_seeds":2}},"DataVersion":3120}