{"stats":{"minecraft:mined":{"minecraft:large_fern":1,"minecraft:hay_block":2,"minecraft:grass":9,"biomesoplenty:sea_oats":1,"minecraft:grass_block":3,"minecraft:oak_log":4,"minecraft:coal_ore":3,"minecraft:dirt":1,"minecraft:tall_grass":5,"minecraft:stone":15,"creepingwoods:creeping_oak_log":1},"minecraft:custom":{"minecraft:time_since_rest":5283,"minecraft:interact_with_furnace":6,"minecraft:sprint_one_cm":21803,"minecraft:damage_taken":430,"minecraft:walk_one_cm":30246,"minecraft:mob_kills":4,"minecraft:drop":4,"minecraft:damage_dealt":617,"minecraft:swim_one_cm":1137,"minecraft:interact_with_crafting_table":9,"minecraft:open_chest":1,"minecraft:fly_one_cm":66420,"minecraft:open_barrel":2,"minecraft:crouch_one_cm":284,"minecraft:play_time":15296,"minecraft:deaths":1,"minecraft:walk_under_water_one_cm":1203,"minecraft:sneak_time":147,"minecraft:jump":289,"minecraft:leave_game":2,"minecraft:time_since_death":5258,"minecraft:walk_on_water_one_cm":2632,"minecraft:total_world_time":15296,"minecraft:fall_one_cm":9288},"minecraft:killed_by":{"undead_revamp2:the_moonflower":1},"minecraft:used":{"minecraft:wooden_axe":3,"minecraft:bread":2,"minecraft:stone_pickaxe":10,"minecraft:wooden_pickaxe":8,"minecraft:cooked_chicken":1,"minecraft:stone_axe":3,"minecraft:dirt":4,"minecraft:sweet_berries":2,"minecraft:furnace":1,"minecraft:dandelion":1},"minecraft:killed":{"zombie_ascension:zombie_cook":2},"minecraft:crafted":{"minecraft:oak_planks":8,"minecraft:stick":16,"minecraft:wooden_pickaxe":2,"minecraft:baked_potato":1,"minecraft:stone_pickaxe":1,"minecraft:wooden_axe":2,"minecraft:furnace":1,"minecraft:stone_axe":1,"minecraft:bread":6,"minecraft:air":0,"minecraft:wheat":18},"minecraft:picked_up":{"zombie_ascension:frying_pan":1,"minecraft:cooked_beef":1,"minecraft:sweet_berries":2,"minecraft:dandelion":1,"minecraft:oak_log":4,"minecraft:carrot":2,"minecraft:dirt":4,"minecraft:rotten_flesh":5,"minecraft:apple":1,"minecraft:wheat_seeds":3,"minecraft:hay_block":2,"minecraft:cooked_chicken":1,"minecraft:coal":3,"minecraft:cobblestone":15},"minecraft:dropped":{"minecraft:wheat_seeds":2,"minecraft:rotten_flesh":1,"minecraft:apple":1}},"DataVersion":3120}