{"stats":{"minecraft:custom":{"minecraft:mob_kills":71,"minecraft:interact_with_anvil":7,"minecraft:interact_with_crafting_table":32,"minecraft:open_barrel":32,"minecraft:leave_game":1,"minecraft:time_since_death":31035,"minecraft:climb_one_cm":26204,"minecraft:sprint_one_cm":349195,"minecraft:walk_one_cm":412815,"minecraft:damage_blocked_by_shield":650,"minecraft:drop":46,"minecraft:talked_to_villager":22,"minecraft:play_time":177671,"minecraft:deaths":6,"minecraft:sneak_time":2204,"minecraft:walk_under_water_one_cm":30670,"minecraft:boat_one_cm":34169,"minecraft:jump":2479,"minecraft:interact_with_blast_furnace":17,"minecraft:walk_on_water_one_cm":50768,"minecraft:total_world_time":177671,"minecraft:interact_with_furnace":9,"minecraft:traded_with_villager":30,"minecraft:tune_noteblock":10,"minecraft:interact_with_loom":1,"minecraft:sleep_in_bed":12,"minecraft:time_since_rest":3798,"minecraft:damage_taken":3913,"minecraft:trigger_trapped_chest":1,"minecraft:damage_dealt":19001,"minecraft:player_kills":1,"minecraft:swim_one_cm":62010,"minecraft:fly_one_cm":563340,"minecraft:open_chest":70,"minecraft:crouch_one_cm":3716,"minecraft:interact_with_smoker":11,"minecraft:fall_one_cm":78895},"minecraft:dropped":{"minecraft:bread":32,"minecraft:wheat_seeds":13,"minecraft:golden_pickaxe":2,"minecraft:cobblestone":4,"horror_element_mod:spider_head":1,"minecraft:stick":3,"minecraft:gray_concrete":1,"minecraft:wooden_axe":1,"minecraft:string":4,"cgm:advanced_bullet":14,"graveyard:cobblestone_gravestone":1,"minecraft:cobbled_deepslate":2,"minecraft:cocoa_beans":5,"minecraft:wheat":3,"minecraft:rotten_flesh":8,"minecraft:oak_planks":10,"sophisticatedbackpacks:backpack":1,"minecraft:cobblestone_slab":1,"minecraft:oak_sapling":1,"minecraft:ladder":12,"minecraft:golden_sword":1,"minecraft:iron_bars":1,"cgm:heavy_rifle":1,"minecraft:wooden_pickaxe":1,"mutationcraft:nordic_axe":1},"minecraft:mined":{"minecraft:dark_oak_planks":1,"minecraft:tuff":1,"biomesoplenty:watergrass":1,"minecraft:white_bed":2,"minecraft:deepslate_diamond_ore":10,"minecraft:jungle_leaves":2,"biomesoplenty:desert_grass":1,"minecraft:mangrove_roots":2,"man:cassetteplayer":1,"minecraft:glow_lichen":1,"minecraft:spruce_trapdoor":5,"minecraft:granite":10,"minecraft:chiseled_polished_blackstone":2,"minecraft:grass_block":5,"minecraft:polished_blackstone_pressure_plate":1,"minecraft:spawner":1,"minecraft:large_fern":4,"minecraft:hay_block":7,"minecraft:tall_seagrass":2,"minecraft:cobbled_deepslate":6,"minecraft:fire":2,"minecraft:stripped_spruce_log":1,"minecraft:anvil":1,"minecraft:deepslate_lapis_ore":4,"minecraft:gold_block":2,"minecraft:deepslate_iron_ore":30,"minecraft:iron_bars":1,"minecraft:vine":3,"minecraft:cobblestone_slab":1,"horror_element_mod:crucified_body":1,"minecraft:stone":63,"horror_element_mod:spider_head":1,"minecraft:spruce_slab":3,"minecraft:smoker":1,"minecraft:oak_fence":1,"minecraft:crafting_table":2,"minecraft:torch":2,"minecraft:blast_furnace":1,"minecraft:calcite":1,"minecraft:melon":21,"minecraft:rose_bush":2,"minecraft:lectern":1,"minecraft:cobblestone":11,"biomesoplenty:sprout":1,"minecraft:deepslate_gold_ore":10,"minecraft:sugar_cane":4,"minecraft:diorite":5,"minecraft:wall_torch":3,"minecraft:gray_wool":1,"biomesoplenty:mahogany_log":5,"minecraft:grass":12,"minecraft:oak_log":12,"minecraft:sand":4,"minecraft:dirt":184,"minecraft:cobweb":26,"minecraft:small_dripleaf":1,"minecraft:oak_leaves":3,"minecraft:deepslate":10,"minecraft:fern":73},"minecraft:used":{"minecraft:oak_trapdoor":1,"minecraft:rose_bush":1,"minecraft:iron_bars":7,"minecraft:iron_shovel":147,"minecraft:spruce_slab":3,"minecraft:ladder":22,"minecraft:chest":2,"minecraft:shield":11,"minecraft:iron_sword":289,"graveyard:oak_coffin":1,"minecraft:torch":48,"minecraft:dirt":8,"cgm:workbench":1,"minecraft:anvil":2,"minecraft:granite":2,"minecraft:wooden_axe":4,"minecraft:lantern":1,"minecraft:dark_oak_wood":1,"minecraft:red_carpet":1,"minecraft:golden_carrot":5,"minecraft:mangrove_roots":2,"minecraft:furnace":1,"cgm:heavy_rifle":23,"minecraft:cobbled_deepslate":86,"minecraft:calcite":1,"minecraft:chiseled_polished_blackstone":2,"minecraft:stone_pickaxe":4,"minecraft:oak_planks":16,"minecraft:blackstone":10,"mutationcraft:cavalry_sword":81,"minecraft:polished_blackstone_pressure_plate":1,"minecraft:sand":2,"minecraft:crafting_table":5,"minecraft:blast_furnace":2,"minecraft:white_bed":6,"minecraft:gray_concrete":2,"minecraft:smoker":2,"man:cassetteplayer":1,"extermination:tripod_spawn_egg":1,"minecraft:light_gray_concrete":2,"minecraft:melon_slice":33,"minecraft:bread":25,"minecraft:iron_pickaxe":199,"minecraft:lectern":1,"minecraft:spruce_trapdoor":5,"biomesoplenty:mahogany_boat":3,"cgm:assault_rifle":48,"minecraft:golden_leggings":1,"minecraft:golden_helmet":1,"minecraft:stone_axe":105,"minecraft:cobblestone":52,"minecraft:porkchop":4,"minecraft:sea_pickle":2,"minecraft:soul_torch":2},"minecraft:killed_by":{"mutationcraft:assimilated_pig":1,"minecraft:player":1,"undead_revamp2:thehorrors":1,"mutationcraft:necroptor":1,"mutationcraft:assimilated_roamer":1},"minecraft:broken":{"minecraft:golden_helmet":1,"minecraft:stone_axe":1,"minecraft:iron_sword":1},"minecraft:picked_up":{"minecraft:cocoa_beans":5,"minecraft:crafting_table":2,"minecraft:wheat":3,"cgm:basic_bullet":64,"minecraft:anvil":2,"minecraft:gold_block":2,"minecraft:string":27,"cgm:long_scope":1,"minecraft:sea_pickle":2,"minecraft:cobbled_deepslate":10,"minecraft:rose_bush":1,"minecraft:cobblestone_slab":1,"minecraft:calcite":1,"minecraft:spruce_slab":3,"minecraft:lectern":1,"minecraft:melon_slice":109,"minecraft:sugar_cane":6,"cgm:advanced_bullet":46,"minecraft:spruce_trapdoor":5,"minecraft:furnace":1,"minecraft:raw_iron":83,"minecraft:stick":1,"minecraft:oak_fence":1,"minecraft:torch":15,"mutationcraft:putrid_claw":31,"minecraft:porkchop":4,"minecraft:diorite":5,"cgm:medium_scope":1,"minecraft:rotten_flesh":20,"cgm:assault_rifle":1,"minecraft:hay_block":7,"minecraft:mangrove_roots":2,"man:cassetteplayer":1,"minecraft:iron_bars":1,"mutationcraft:putrid_heart":1,"graveyard:cobblestone_gravestone":1,"minecraft:cobblestone":82,"minecraft:glow_ink_sac":2,"minecraft:leather":62,"minecraft:smoker":2,"biomesoplenty:mahogany_boat":2,"minecraft:tuff":1,"minecraft:oak_log":14,"mutationcraft:necroptor_bomb":1,"cgm:heavy_rifle":2,"minecraft:gunpowder":1,"minecraft:lapis_lazuli":25,"minecraft:dirt":179,"minecraft:lantern":1,"minecraft:red_carpet":1,"minecraft:bone":6,"mutationcraft:putrid_brain":3,"minecraft:kelp":1,"minecraft:wheat_seeds":22,"minecraft:raw_gold":9,"minecraft:iron_ingot":18,"minecraft:glass_bottle":1,"minecraft:oak_planks":1,"horror_element_mod:spider_head":1,"minecraft:chiseled_polished_blackstone":2,"minecraft:sand":2,"minecraft:stripped_spruce_log":1,"minecraft:soul_torch":2,"minecraft:blast_furnace":2,"minecraft:white_bed":5,"biomesoplenty:mahogany_log":5,"minecraft:diamond":10,"minecraft:polished_blackstone_pressure_plate":1,"minecraft:granite":11,"minecraft:gray_wool":1,"minecraft:spruce_sign":1,"minecraft:oak_sapling":1},"minecraft:crafted":{"minecraft:oak_planks":116,"minecraft:iron_nugget":18,"minecraft:player_head":7,"biomesoplenty:mahogany_planks":84,"man:cassetteplayer":1,"minecraft:iron_boots":2,"minecraft:ladder":21,"minecraft:stone_pickaxe":1,"minecraft:chest":3,"minecraft:wheat":216,"sophisticatedbackpacks:backpack":1,"minecraft:crafting_table":4,"minecraft:spruce_planks":4,"minecraft:iron_helmet":2,"minecraft:wooden_pickaxe":1,"mutationcraft:metal_scrap":2,"minecraft:copper_ingot":12,"minecraft:chiseled_polished_blackstone":10,"minecraft:stone_axe":2,"minecraft:bread":72,"minecraft:air":0,"mutationcraft:nordic_axe":1,"minecraft:golden_apple":12,"minecraft:iron_chestplate":2,"minecraft:charcoal":14,"minecraft:shield":1,"minecraft:stick":72,"minecraft:iron_ingot":89,"minecraft:iron_pickaxe":1,"biomesoplenty:mahogany_boat":1,"minecraft:wooden_axe":1,"minecraft:iron_shovel":1,"minecraft:iron_leggings":2,"minecraft:white_bed":1,"minecraft:torch":16},"minecraft:killed":{"mutationcraft:assimilated_donkey":1,"undead_revamp2:clogger":1,"undead_revamp2:thesmoker":2,"mutationcraft:carnivorae":2,"mutationcraft:miter":2,"undead_revamp2:theswarmer":1,"mutationcraft:reductor":3,"eyesinthedarkness:eyes":1,"minecraft:skeleton":1,"mutationcraft:necroptor":12,"undead_revamp2:deadclogger":1,"mutationcraft:assimilated_villager":1,"mutationcraft:assimilated_sheep":1,"minecraft:bee":1,"minecraft:chicken":2,"humans_refuted:humans_refuted":1,"mutationcraft:assimilated_roamer":5,"mutationcraft:assimilated_fox":1,"mutationcraft:assimilated_pillager":1,"mutationcraft:developed_roamer":1,"minecraft:pig":2,"mutationcraft:assimilated_spider":3,"minecraft:salmon":1,"mutationcraft:assimilated_evoker":1,"undead_revamp2:the_moonflower":6,"humans_refuted:humans_refuted_egg":1,"minecraft:creeper":2,"mutationcraft:assimilated_human":1,"mutationcraft:assimilated_pig":2,"mutationcraft:assimilated_bear":2,"mutationcraft:human_stage_3":1,"mutationcraft:assimilated_vex":5,"mutationcraft:assimilated_wolf":1,"mutationcraft:assimilated_wandering_trader":2}},"DataVersion":3120}