{"stats":{"minecraft:crafted":{"minecraft:oak_planks":8,"minecraft:wooden_pickaxe":2,"minecraft:baked_potato":4,"minecraft:furnace":1,"minecraft:stone_axe":1,"minecraft:bread":6,"minecraft:air":0,"minecraft:stick":20,"minecraft:wooden_axe":2,"minecraft:stone_pickaxe":1,"minecraft:torch":12,"minecraft:wheat":18},"minecraft:mined":{"minecraft:grass_block":3,"minecraft:tall_grass":5,"minecraft:wall_torch":1,"minecraft:large_fern":1,"minecraft:hay_block":2,"biomesoplenty:sea_oats":1,"minecraft:grass":9,"minecraft:coal_ore":10,"minecraft:oak_log":4,"minecraft:dirt":1,"minecraft:red_mushroom_block":2,"minecraft:stone":18,"creepingwoods:creeping_oak_log":1,"minecraft:spruce_slab":1},"minecraft:custom":{"minecraft:interact_with_furnace":9,"minecraft:mob_kills":17,"minecraft:interact_with_crafting_table":9,"minecraft:open_barrel":2,"minecraft:leave_game":3,"minecraft:time_since_death":2741,"minecraft:climb_one_cm":176,"minecraft:time_since_rest":2776,"minecraft:sprint_one_cm":62336,"minecraft:damage_taken":1900,"minecraft:walk_one_cm":56747,"minecraft:drop":6,"minecraft:damage_dealt":4374,"minecraft:swim_one_cm":4589,"minecraft:fly_one_cm":143036,"minecraft:open_chest":3,"minecraft:crouch_one_cm":284,"minecraft:play_time":27697,"minecraft:deaths":5,"minecraft:sneak_time":150,"minecraft:walk_under_water_one_cm":1787,"minecraft:jump":728,"minecraft:walk_on_water_one_cm":3750,"minecraft:total_world_time":27697,"minecraft:fall_one_cm":20254},"minecraft:killed":{"undead_revamp2:the_moonflower":1,"minecraft:zombie":3,"mutationcraft:assimilated_jockey":1,"mutationcraft:assimilated_human":1,"mutationcraft:assimilated_roamer":2,"mutationcraft:assimilated_wandering_trader":1},"minecraft:killed_by":{"mutationcraft:assimilated_human":1,"undead_revamp2:the_moonflower":1,"minecraft:spider":1,"mutationcraft:reductor":1,"mutationcraft:assimilated_wandering_trader":1},"minecraft:used":{"minecraft:stone_pickaxe":21,"minecraft:baked_potato":6,"minecraft:wooden_pickaxe":8,"minecraft:cooked_chicken":1,"minecraft:torch":4,"minecraft:dirt":4,"minecraft:wooden_axe":3,"minecraft:apple":1,"minecraft:bread":4,"minecraft:stone_axe":53,"minecraft:cobblestone":4,"minecraft:sweet_berries":2,"minecraft:furnace":1,"minecraft:cooked_beef":1,"minecraft:dandelion":1},"minecraft:dropped":{"minecraft:bread":2,"minecraft:wheat_seeds":2,"minecraft:rotten_flesh":1,"minecraft:apple":1},"minecraft:picked_up":{"minecraft:cooked_beef":1,"minecraft:oak_log":4,"minecraft:dirt":4,"minecraft:apple":1,"minecraft:wheat_seeds":3,"minecraft:cooked_chicken":1,"minecraft:spruce_slab":1,"minecraft:sweet_berries":2,"minecraft:torch":1,"minecraft:dandelion":1,"mutationcraft:putrid_claw":7,"minecraft:carrot":2,"minecraft:rotten_flesh":9,"minecraft:hay_block":2,"minecraft:coal":10,"minecraft:cobblestone":18}},"DataVersion":3120}