{
  "minecraft:recipes/misc/charcoal": {
    "criteria": {
      "has_log": "2024-05-20 02:47:51 +0000"
    },
    "done": true
  },
  "biomesoplenty:biomesoplenty/root": {
    "criteria": {
      "prairie": "2024-05-20 02:47:25 +0000"
    },
    "done": true
  },
  "minecraft:recipes/building_blocks/oak_planks": {
    "criteria": {
      "has_logs": "2024-05-20 02:47:51 +0000"
    },
    "done": true
  },
  "biomesoplenty:biomesoplenty/all_biomes": {
    "criteria": {
      "dune_beach": "2024-05-20 02:47:39 +0000",
      "prairie": "2024-05-20 02:47:25 +0000"
    },
    "done": false
  },
  "undead_revamp2:theundeadchallenges": {
    "criteria": {
      "theundeadchallenges": "2024-05-20 02:44:30 +0000"
    },
    "done": true
  },
  "minecraft:recipes/building_blocks/oak_wood": {
    "criteria": {
      "has_log": "2024-05-20 02:47:51 +0000"
    },
    "done": true
  },
  "minecraft:adventure/adventuring_time": {
    "criteria": {
      "minecraft:beach": "2024-05-20 02:44:47 +0000",
      "minecraft:flower_forest": "2024-05-20 02:47:16 +0000",
      "minecraft:plains": "2024-05-20 02:44:30 +0000"
    },
    "done": false
  },
  "DataVersion": 3120
}